table_name,column_name,is_nullable,data_type
ADDRESS_POLY_20230505,STR_NUM,YES,STRING
ADDRESS_POLY_20230505,STR,YES,STRING
ADDRESS_POLY_20230505,UNIT_DES,YES,STRING
ADDRESS_POLY_20230505,UNIT_NUM,YES,STRING
ADDRESS_POLY_20230505,CITY,YES,STRING
ADDRESS_POLY_20230505,STATE,YES,STRING
ADDRESS_POLY_20230505,ZIP,YES,INT64
ADDRESS_POLY_20230505,ZIP4,YES,STRING
ADDRESS_POLY_20230505,ZBA_PR_USE,YES,STRING
ADDRESS_POLY_20230505,CNTY_FIPS,YES,INT64
ADDRESS_POLY_20230505,ADDR_CONF,YES,INT64
ADDRESS_POLY_20230505,ID,YES,INT64
ADDRESS_POLY_20230505,STATUS,YES,STRING
ADDRESS_POLY_20230505,AVAILABILTY_DATE,YES,STRING
ADDRESS_POLY_20230505,SERVING_WIRE_CENTER_CLLI,YES,STRING
ADDRESS_POLY_20230505,SERVING_WIRE_CENTER_NAME,YES,STRING
ADDRESS_POLY_20230505,SERVICE_TYPE,YES,STRING
SAP_IQGeo_REPORT_V,Company_Code,YES,STRING
SAP_IQGeo_REPORT_V,Document_No,YES,STRING
SAP_IQGeo_REPORT_V,Document_Line_No,YES,STRING
SAP_IQGeo_REPORT_V,Document_Unique,YES,STRING
SAP_IQGeo_REPORT_V,Fiscal_Year,YES,STRING
SAP_IQGeo_REPORT_V,State,YES,STRING
SAP_IQGeo_REPORT_V,Document_Date,YES,DATE
SAP_IQGeo_REPORT_V,Document_Type,YES,STRING
SAP_IQGeo_REPORT_V,Posting_Date,YES,DATE
SAP_IQGeo_REPORT_V,Object,YES,STRING
SAP_IQGeo_REPORT_V,ACDOCA_Object,YES,STRING
SAP_IQGeo_REPORT_V,Object_Description,YES,STRING
SAP_IQGeo_REPORT_V,WBS,YES,STRING
SAP_IQGeo_REPORT_V,Cost_Element,YES,STRING
SAP_IQGeo_REPORT_V,Cost_Element_Name,YES,STRING
SAP_IQGeo_REPORT_V,Reg_Account,YES,STRING
SAP_IQGeo_REPORT_V,Reg_Accounts_Description,YES,STRING
SAP_IQGeo_REPORT_V,Val_CO_Area_Crcy,YES,NUMERIC
SAP_IQGeo_REPORT_V,Operation_Flag,YES,STRING
SAP_IQGeo_REPORT_V,TICKET_PROPERTIES_ID,YES,STRING
SAP_IQGeo_REPORT_V,TICKET_STATUS,YES,STRING
SAP_IQGeo_REPORT_V,TICKET_TYPE,YES,STRING
SAP_IQGeo_REPORT_V,TICKET_TYPE_CATEGORY,YES,STRING
SAP_IQGeo_REPORT_V,TICKET_CREATED_DATETIME,YES,DATETIME
SAP_IQGeo_REPORT_V,TICKET_START_DATETIME,YES,DATETIME
SAP_IQGeo_REPORT_V,TICKET_DUE_DATETIME,YES,DATETIME
SAP_IQGeo_REPORT_V,TICKET_CREATOR_USERNAME,YES,STRING
SAP_IQGeo_REPORT_V,TICKET_ASSIGNED_USERNAME,YES,STRING
SAP_IQGeo_REPORT_V,TICKET_ASSIGNED_DATETIME,YES,DATETIME
SAP_IQGeo_REPORT_V,TICKET_REGION,YES,STRING
SAP_IQGeo_REPORT_V,PARENT_TICKET_PROJECT_NAME,YES,STRING
SAP_IQGeo_REPORT_V,PARSED_CLLI,YES,STRING
SAP_IQGeo_REPORT_V,WC_TICKET_CLLI,YES,STRING
SAP_IQGeo_REPORT_V,WIRECENTER_ID,YES,STRING
SAP_IQGeo_REPORT_V,WC_SAP_PROJECT_NUMBER,YES,STRING
SAP_IQGeo_REPORT_V,WC_PROFILE,YES,STRING
SAP_IQGeo_REPORT_V,WC_COMPANY_CODE,YES,STRING
SAP_IQGeo_REPORT_V,WC_INVESTMENT_YEAR,YES,STRING
SAP_IQGeo_REPORT_V,WC_CONTRACTOR,YES,STRING
SAP_IQGeo_REPORT_V,WC_REQUESTOR_COST_CENTER,YES,STRING
SAP_IQGeo_REPORT_V,WC_RESPONDER_COST_CENTER,YES,STRING
SAP_IQGeo_REPORT_V,WC_CITY,YES,STRING
SAP_IQGeo_REPORT_V,WC_STATE,YES,STRING
SAP_IQGeo_REPORT_V,WC_ZIP,YES,STRING
SAP_IQGeo_REPORT_V,WC_LOCATION,YES,STRING
SAP_IQGeo_REPORT_V,WBS_ID,YES,NUMERIC
SAP_IQGeo_REPORT_V,WBS_STATUS,YES,STRING
SAP_IQGeo_REPORT_V,WBS_ELEMENT,YES,STRING
SAP_IQGeo_REPORT_V,WBS_STATISTICAL,YES,BOOL
SAP_IQGeo_REPORT_V,WBS_INTEREST_PROFILE,YES,STRING
SAP_IQGeo_REPORT_V,WBS_INVESTMENT_PROFILE,YES,STRING
SAP_IQGeo_REPORT_V,WBS_REG_ACCOUNT,YES,STRING
SAP_IQGeo_REPORT_V,WBS_WC_NAME,YES,STRING
SAP_IQGeo_REPORT_V,CUPS_ID,YES,INT64
SAP_IQGeo_REPORT_V,CUPS_SAP_INVOICE_NO,YES,STRING
SAP_IQGeo_REPORT_V,CUPS_ITEMS_ID,YES,INT64
SAP_IQGeo_REPORT_V,CUPS_VENDOR_INVOICE_NO,YES,STRING
SAP_IQGeo_REPORT_V,IQGEO_VENDOR,YES,STRING
SAP_IQGeo_REPORT_V,IQGEO_SAP_STATUS,YES,STRING
SAP_IQGeo_REPORT_V,IQGEO_TICKET_TYPE,YES,STRING
SAP_IQGeo_REPORT_V,CUPS_CREATED_DATE,YES,DATETIME
SAP_IQGeo_REPORT_V,SUBMITTED_DATE,YES,DATETIME
SAP_IQGeo_REPORT_V,CUPS_APPROVED_DATE,YES,DATETIME
SAP_IQGeo_REPORT_V,IQGEO_CUPS_PROJECT_NUMBER,YES,STRING
SAP_IQGeo_REPORT_V,CUPS_ITEMS_SAP_STATUS,YES,STRING
SAP_IQGeo_REPORT_V,IQGEO_ITEMS_QTY_COMPLETED,YES,FLOAT64
SAP_IQGeo_REPORT_V,IQGEO_UNIT_PRICE,YES,FLOAT64
SAP_IQGeo_REPORT_V,TOTAL_COST_PER_TICKET,YES,FLOAT64
SAP_IQGeo_REPORT_V,CUPS_ITEMS_DESCRIPTION,YES,STRING
SAP_IQGeo_REPORT_V,IQGEO_EXTERNAL_ID,YES,STRING
SAP_IQGeo_REPORT_V,IQGEO_EXTERNAL_MSGD,YES,STRING
SAP_IQGeo_REPORT_V,IQGEO_TASK_CODE,YES,STRING
SAP_IQGeo_REPORT_V,IQGEO_CUPS_OBJECT_NUMBER,YES,STRING
SAP_IQGeo_REPORT_V,IQGEO_COST_ELEMENT,YES,STRING
SAP_IQGeo_REPORT_V,IQGEO_COST_ELEMENT_NAME,YES,STRING
SAP_IQGeo_REPORT_V,ADD_WC_NAME,YES,STRING
SAP_IQGeo_REPORT_V,ADDRESS_COUNT,YES,INT64
SAP_IQGeo_REPORT_V,PREM_COUNT,YES,INT64
ADDRESS_POLY_20230314,STR_NUM,YES,STRING
ADDRESS_POLY_20230314,STR,YES,STRING
ADDRESS_POLY_20230314,UNIT_DES,YES,STRING
ADDRESS_POLY_20230314,UNIT_NUM,YES,STRING
ADDRESS_POLY_20230314,CITY,YES,STRING
ADDRESS_POLY_20230314,STATE,YES,STRING
ADDRESS_POLY_20230314,ZIP,YES,INT64
ADDRESS_POLY_20230314,ZIP4,YES,STRING
ADDRESS_POLY_20230314,ZBA_PR_USE,YES,STRING
ADDRESS_POLY_20230314,CNTY_FIPS,YES,INT64
ADDRESS_POLY_20230314,ADDR_CONF,YES,INT64
ADDRESS_POLY_20230314,ID,YES,INT64
ADDRESS_POLY_20230314,STATUS,YES,STRING
ADDRESS_POLY_20230314,AVAILABILTY_DATE,YES,STRING
ADDRESS_POLY_20230314,SERVING_WIRE_CENTER_CLLI,YES,STRING
ADDRESS_POLY_20230314,SERVING_WIRE_CENTER_NAME,YES,STRING
ADDRESS_POLY_20230314,SERVICE_TYPE,YES,STRING
ADDRESS_POLY_20230621,STR_NUM,YES,STRING
ADDRESS_POLY_20230621,STR,YES,STRING
ADDRESS_POLY_20230621,UNIT_DES,YES,STRING
ADDRESS_POLY_20230621,UNIT_NUM,YES,STRING
ADDRESS_POLY_20230621,CITY,YES,STRING
ADDRESS_POLY_20230621,STATE,YES,STRING
ADDRESS_POLY_20230621,ZIP,YES,INT64
ADDRESS_POLY_20230621,ZIP4,YES,STRING
ADDRESS_POLY_20230621,ZBA_PR_USE,YES,STRING
ADDRESS_POLY_20230621,CNTY_FIPS,YES,INT64
ADDRESS_POLY_20230621,ADDR_CONF,YES,INT64
ADDRESS_POLY_20230621,ID,YES,INT64
ADDRESS_POLY_20230621,STATUS,YES,STRING
ADDRESS_POLY_20230621,AVAILABILTY_DATE,YES,STRING
ADDRESS_POLY_20230621,SERVING_WIRE_CENTER_CLLI,YES,STRING
ADDRESS_POLY_20230621,SERVING_WIRE_CENTER_NAME,YES,STRING
ADDRESS_POLY_20230621,SERVICE_TYPE,YES,STRING
INVOICE_OVERVIEW_V,TICKET_PROPERTIES_ID,YES,STRING
INVOICE_OVERVIEW_V,TICKET_STATUS,YES,STRING
INVOICE_OVERVIEW_V,TICKET_TYPE,YES,STRING
INVOICE_OVERVIEW_V,TICKET_TYPE_CATEGORY,YES,STRING
INVOICE_OVERVIEW_V,TICKET_CREATED_DATETIME,YES,DATETIME
INVOICE_OVERVIEW_V,TICKET_START_DATETIME,YES,DATETIME
INVOICE_OVERVIEW_V,TICKET_DUE_DATETIME,YES,DATETIME
INVOICE_OVERVIEW_V,TICKET_CREATOR_USERNAME,YES,STRING
INVOICE_OVERVIEW_V,TICKET_ASSIGNED_USERNAME,YES,STRING
INVOICE_OVERVIEW_V,TICKET_ASSIGNED_DATETIME,YES,DATETIME
INVOICE_OVERVIEW_V,TICKET_REGION,YES,STRING
INVOICE_OVERVIEW_V,PARENT_TICKET_PROJECT_NAME,YES,STRING
INVOICE_OVERVIEW_V,PARSED_CLLI,YES,STRING
INVOICE_OVERVIEW_V,WC_TICKET_CLLI,YES,STRING
INVOICE_OVERVIEW_V,WC_SAP_PROJECT_NUMBER,YES,STRING
INVOICE_OVERVIEW_V,WC_PROFILE,YES,STRING
INVOICE_OVERVIEW_V,WC_COMPANY_CODE,YES,STRING
INVOICE_OVERVIEW_V,WC_INVESTMENT_YEAR,YES,STRING
INVOICE_OVERVIEW_V,WC_CONTRACTOR,YES,STRING
INVOICE_OVERVIEW_V,WC_REQUESTOR_COST_CENTER,YES,STRING
INVOICE_OVERVIEW_V,WC_RESPONDER_COST_CENTER,YES,STRING
INVOICE_OVERVIEW_V,WC_CITY,YES,STRING
INVOICE_OVERVIEW_V,WC_STATE,YES,STRING
INVOICE_OVERVIEW_V,WC_ZIP,YES,STRING
INVOICE_OVERVIEW_V,WC_LOCATION,YES,STRING
INVOICE_OVERVIEW_V,CUPS_ID,YES,INT64
INVOICE_OVERVIEW_V,CUPS_SAP_INVOICE_NO,YES,STRING
INVOICE_OVERVIEW_V,CUPS_ITEMS_ID,YES,INT64
INVOICE_OVERVIEW_V,CUPS_VENDOR_INVOICE_NO,YES,STRING
INVOICE_OVERVIEW_V,IQGEO_VENDOR,YES,STRING
INVOICE_OVERVIEW_V,IQGEO_SAP_STATUS,YES,STRING
INVOICE_OVERVIEW_V,IQGEO_TICKET_TYPE,YES,STRING
INVOICE_OVERVIEW_V,CUPS_CREATED_DATE,YES,DATETIME
INVOICE_OVERVIEW_V,CUPS_SUBMITTED_DATE,YES,DATETIME
INVOICE_OVERVIEW_V,CUPS_APPROVED_DATE,YES,DATETIME
INVOICE_OVERVIEW_V,IQGEO_CUPS_PROJECT_NUMBER,YES,STRING
INVOICE_OVERVIEW_V,CUPS_ITEMS_SAP_STATUS,YES,STRING
INVOICE_OVERVIEW_V,IQGEO_ITEMS_QTY_COMPLETED,YES,FLOAT64
INVOICE_OVERVIEW_V,IQGEO_UNIT_PRICE,YES,FLOAT64
INVOICE_OVERVIEW_V,TOTAL_COST_PER_TICKET,YES,FLOAT64
INVOICE_OVERVIEW_V,CUPS_ITEMS_DESCRIPTION,YES,STRING
INVOICE_OVERVIEW_V,IQGEO_EXTERNAL_ID,YES,STRING
INVOICE_OVERVIEW_V,IQGEO_EXTERNAL_MSGD,YES,STRING
INVOICE_OVERVIEW_V,IQGEO_TASK_CODE,YES,STRING
INVOICE_OVERVIEW_V,IQGEO_CUPS_OBJECT_NUMBER,YES,STRING
INVOICE_OVERVIEW_V,IQGEO_COST_ELEMENT,YES,STRING
INVOICE_OVERVIEW_V,IQGEO_COST_ELEMENT_NAME,YES,STRING
ScenarioSummary_BOM_Wed_May_17_2023,ID,YES,INT64
ScenarioSummary_BOM_Wed_May_17_2023,TITLE,YES,STRING
ScenarioSummary_BOM_Wed_May_17_2023,WC,YES,STRING
ScenarioSummary_BOM_Wed_May_17_2023,DESIGN_STATE,YES,STRING
ScenarioSummary_BOM_Wed_May_17_2023,VENDOR,YES,STRING
ScenarioSummary_BOM_Wed_May_17_2023,DERIVED,YES,BOOL
ScenarioSummary_BOM_Wed_May_17_2023,WHO_DERIVED,YES,STRING
ScenarioSummary_BOM_Wed_May_17_2023,WHEN_DERIVED,YES,STRING
ScenarioSummary_BOM_Wed_May_17_2023,OPTIMIZED,YES,BOOL
ScenarioSummary_BOM_Wed_May_17_2023,WHO_OPTIMIZED,YES,STRING
ScenarioSummary_BOM_Wed_May_17_2023,WHEN_OPTIMIZED,YES,STRING
ScenarioSummary_BOM_Wed_May_17_2023,PRIVATE_HOUSEHOLDS_ALL,YES,INT64
ScenarioSummary_BOM_Wed_May_17_2023,ADDRESSES_ALL,YES,INT64
ScenarioSummary_BOM_Wed_May_17_2023,PRIVATE_HOUSEHOLDS_UNSERVED,YES,INT64
ScenarioSummary_BOM_Wed_May_17_2023,ADDRESSES_UNSERVED,YES,INT64
ScenarioSummary_BOM_Wed_May_17_2023,COST_PER_PREM,YES,FLOAT64
ScenarioSummary_BOM_Wed_May_17_2023,LABOR,YES,FLOAT64
ScenarioSummary_BOM_Wed_May_17_2023,MATERIAL,YES,FLOAT64
BRSPD_PREMS_V,SCENARIO_ID,YES,INT64
BRSPD_PREMS_V,SCENARIO_TITLE,YES,STRING
BRSPD_PREMS_V,WC_CLLI,YES,STRING
BRSPD_PREMS_V,INITIAL_DESIGN_ADDR_CT,YES,INT64
BRSPD_PREMS_V,INITIAL_DESIGN_PREM_CT,YES,INT64
BRSPD_PREMS_V,CONSTRUCTION_START_ADDR_CT,YES,INT64
BRSPD_PREMS_V,CONSTRUCTION_START_PREM_CT,YES,INT64
BRSPD_PREMS_V,PREM_PASS_ADDR_CT,YES,INT64
BRSPD_PREMS_V,PREM_PASS_PREM_CT,YES,INT64
BRSPD_PREMS_V,OFS_ADDR_CT,YES,INT64
BRSPD_PREMS_V,OFS_PREM_CT,YES,INT64
ADDRESSABLE_PREMS_V,SOURCE,YES,STRING
ADDRESSABLE_PREMS_V,STATE,YES,STRING
ADDRESSABLE_PREMS_V,WC,YES,STRING
ADDRESSABLE_PREMS_V,MONTH,YES,DATE
ADDRESSABLE_PREMS_V,CT,YES,INT64
ADDRESS_POLY_20221231,STR_NUM,YES,STRING
ADDRESS_POLY_20221231,STR,YES,STRING
ADDRESS_POLY_20221231,UNIT_DES,YES,STRING
ADDRESS_POLY_20221231,UNIT_NUM,YES,STRING
ADDRESS_POLY_20221231,CITY,YES,STRING
ADDRESS_POLY_20221231,STATE,YES,STRING
ADDRESS_POLY_20221231,ZIP,YES,INT64
ADDRESS_POLY_20221231,ZIP4,YES,STRING
ADDRESS_POLY_20221231,ZBA_PR_USE,YES,STRING
ADDRESS_POLY_20221231,CNTY_FIPS,YES,INT64
ADDRESS_POLY_20221231,ADDR_CONF,YES,INT64
ADDRESS_POLY_20221231,ID,YES,INT64
ADDRESS_POLY_20221231,STATUS,YES,STRING
ADDRESS_POLY_20221231,AVAILABILTY_DATE,YES,STRING
ADDRESS_POLY_20221231,SERVING_WIRE_CENTER_CLLI,YES,STRING
ADDRESS_POLY_20221231,SERVING_WIRE_CENTER_NAME,YES,STRING
ADDRESS_POLY_20221231,SERVICE_TYPE,YES,STRING
SAP_BRSPD_V,COMPANY_CODE,YES,STRING
SAP_BRSPD_V,DOCUMENT_NO,YES,STRING
SAP_BRSPD_V,DOCUMENT_LINE_NO,YES,STRING
SAP_BRSPD_V,DOCUMENT_UNIQUE,YES,STRING
SAP_BRSPD_V,FISCAL_YEAR,YES,STRING
SAP_BRSPD_V,STATE,YES,STRING
SAP_BRSPD_V,DOCUMENT_DATE,YES,DATE
SAP_BRSPD_V,DOCUMENT_TYPE,YES,STRING
SAP_BRSPD_V,POSTING_DATE,YES,DATE
SAP_BRSPD_V,VENDOR_INVOICE_NO,YES,STRING
SAP_BRSPD_V,OBJECT,YES,STRING
SAP_BRSPD_V,ACDOCA_OBJECT,YES,STRING
SAP_BRSPD_V,OBJECT_DESCRIPTION,YES,STRING
SAP_BRSPD_V,WBS,YES,STRING
SAP_BRSPD_V,MATERIAL_LINE_ITEM_CODE,YES,STRING
SAP_BRSPD_V,PURCHASE_ORDER,YES,STRING
SAP_BRSPD_V,MATERIAL_LINE_ITEM_DESCRIPTION,YES,STRING
SAP_BRSPD_V,COST_ELEMENT,YES,STRING
SAP_BRSPD_V,COST_ELEMENT_NAME,YES,STRING
SAP_BRSPD_V,OFFSETTING_ACCOUNT,YES,STRING
SAP_BRSPD_V,REG_ACCOUNT,YES,STRING
SAP_BRSPD_V,REG_ACCOUNT_DESCRIPTION,YES,STRING
SAP_BRSPD_V,VAL_CO_AREA_CRCY,YES,NUMERIC
SAP_BRSPD_V,OPERATION_FLAG,YES,STRING
SAP_BRSPD_V,SAP_TICKET_ID,YES,STRING
SAP_BRSPD_V,TICKET_PROPERTIES_ID,YES,STRING
SAP_BRSPD_V,TICKET_STATUS,YES,STRING
SAP_BRSPD_V,TICKET_TYPE,YES,STRING
SAP_BRSPD_V,TICKET_TYPE_CATEGORY,YES,STRING
SAP_BRSPD_V,TICKET_CREATED_DATETIME,YES,DATETIME
SAP_BRSPD_V,TICKET_START_DATETIME,YES,DATETIME
SAP_BRSPD_V,TICKET_DUE_DATETIME,YES,DATETIME
SAP_BRSPD_V,TICKET_CREATOR_USERNAME,YES,STRING
SAP_BRSPD_V,TICKET_ASSIGNED_USERNAME,YES,STRING
SAP_BRSPD_V,TICKET_ASSIGNED_DATETIME,YES,DATETIME
SAP_BRSPD_V,TICKET_REGION,YES,STRING
SAP_BRSPD_V,PARENT_TICKET_PROJECT_NAME,YES,STRING
SAP_BRSPD_V,PARSED_CLLI,YES,STRING
SAP_BRSPD_V,WC_TICKET_CLLI,YES,STRING
SAP_BRSPD_V,WC_SAP_PROJECT_NUMBER,YES,STRING
SAP_BRSPD_V,WC_PROFILE,YES,STRING
SAP_BRSPD_V,WC_COMPANY_CODE,YES,STRING
SAP_BRSPD_V,WC_INVESTMENT_YEAR,YES,STRING
SAP_BRSPD_V,WC_CONTRACTOR,YES,STRING
SAP_BRSPD_V,WC_REQUESTOR_COST_CENTER,YES,STRING
SAP_BRSPD_V,WC_RESPONDER_COST_CENTER,YES,STRING
SAP_BRSPD_V,WC_CITY,YES,STRING
SAP_BRSPD_V,WC_STATE,YES,STRING
SAP_BRSPD_V,WC_ZIP,YES,STRING
SAP_BRSPD_V,WC_LOCATION,YES,STRING
SAP_BRSPD_V,WBS_ID,YES,NUMERIC
SAP_BRSPD_V,WBS_STATUS,YES,STRING
SAP_BRSPD_V,WBS_ELEMENT,YES,STRING
SAP_BRSPD_V,WBS_STATISTICAL,YES,BOOL
SAP_BRSPD_V,WBS_INTEREST_PROFILE,YES,STRING
SAP_BRSPD_V,WBS_INVESTMENT_PROFILE,YES,STRING
SAP_BRSPD_V,WBS_REG_ACCOUNT,YES,STRING
SAP_BRSPD_V,WBS_WC_NAME,YES,STRING
SAP_BRSPD_V,ADDRESS_COUNT,YES,INT64
SAP_BRSPD_V,PREM_COUNT,YES,INT64
ADDRESS_POLY_20230131,STR_NUM,YES,STRING
ADDRESS_POLY_20230131,STR,YES,STRING
ADDRESS_POLY_20230131,UNIT_DES,YES,STRING
ADDRESS_POLY_20230131,UNIT_NUM,YES,STRING
ADDRESS_POLY_20230131,CITY,YES,STRING
ADDRESS_POLY_20230131,STATE,YES,STRING
ADDRESS_POLY_20230131,ZIP,YES,INT64
ADDRESS_POLY_20230131,ZIP4,YES,STRING
ADDRESS_POLY_20230131,ZBA_PR_USE,YES,STRING
ADDRESS_POLY_20230131,CNTY_FIPS,YES,INT64
ADDRESS_POLY_20230131,ADDR_CONF,YES,INT64
ADDRESS_POLY_20230131,ID,YES,INT64
ADDRESS_POLY_20230131,STATUS,YES,STRING
ADDRESS_POLY_20230131,AVAILABILTY_DATE,YES,STRING
ADDRESS_POLY_20230131,SERVING_WIRE_CENTER_CLLI,YES,STRING
ADDRESS_POLY_20230131,SERVING_WIRE_CENTER_NAME,YES,STRING
ADDRESS_POLY_20230131,SERVICE_TYPE,YES,STRING
ADDRESSABLE_PREMS_20221231,SOURCE,YES,STRING
ADDRESSABLE_PREMS_20221231,STATE,YES,STRING
ADDRESSABLE_PREMS_20221231,WC,YES,STRING
ADDRESSABLE_PREMS_20221231,MONTH,YES,DATE
ADDRESSABLE_PREMS_20221231,CT,YES,INT64
MILESTONE_REPORT_V,TICKET_PROPERTIES_ID,YES,STRING
MILESTONE_REPORT_V,TICKET_CREATOR_USERNAME,YES,STRING
MILESTONE_REPORT_V,TICKET_ASSIGNED_USERNAME,YES,STRING
MILESTONE_REPORT_V,TICKET_STATUS,YES,STRING
MILESTONE_REPORT_V,TICKET_TYPE,YES,STRING
MILESTONE_REPORT_V,TICKET_TYPE_CATEGORY,YES,STRING
MILESTONE_REPORT_V,TICKET_CANCELLED_DATETIME,YES,DATETIME
MILESTONE_REPORT_V,TICKET_CREATED_DATETIME,YES,DATETIME
MILESTONE_REPORT_V,TICKET_ASSIGNED_DATETIME,YES,DATETIME
MILESTONE_REPORT_V,TICKET_LAST_MODIFIED_DATETIME,YES,DATETIME
MILESTONE_REPORT_V,TICKET_GROUP,YES,STRING
MILESTONE_REPORT_V,TICKET_REGION,YES,STRING
MILESTONE_REPORT_V,TICKET_UPDATE_DATETIME,YES,DATETIME
MILESTONE_REPORT_V,TICKET_PROJECT_NAME,YES,STRING
MILESTONE_REPORT_V,TICKET_START_DATETIME,YES,DATETIME
MILESTONE_REPORT_V,TICKET_DUE_DATETIME,YES,DATETIME
MILESTONE_REPORT_V,TICKET_TICKET_DETAILS,YES,STRING
MILESTONE_REPORT_V,TICKET_ONSITE_DATETIME,YES,DATETIME
MILESTONE_REPORT_V,TICKET_PROJECT,YES,STRING
MILESTONE_REPORT_V,WC_TICKET_ID,YES,STRING
MILESTONE_REPORT_V,WC_PROPERTIES_TICKET_GROUP,YES,STRING
MILESTONE_REPORT_V,WC_PROFILE,YES,STRING
MILESTONE_REPORT_V,WC_COMPANY_CODE,YES,STRING
MILESTONE_REPORT_V,WC_INVESTMENT_YEAR,YES,STRING
MILESTONE_REPORT_V,WC_APPROVAL_YEAR,YES,INT64
MILESTONE_REPORT_V,WC_SAP_PROJECT_NUMBER,YES,STRING
MILESTONE_REPORT_V,WC_SAP_WBS_EXPENSE,YES,STRING
MILESTONE_REPORT_V,WC_SAP_WBS_CAPITAL,YES,STRING
MILESTONE_REPORT_V,WC_SAP_STATUS,YES,STRING
MILESTONE_REPORT_V,WC_SAP_LOG,YES,STRING
MILESTONE_REPORT_V,WC_REQUESTOR_COST_CENTER,YES,STRING
MILESTONE_REPORT_V,WC_RESPONDER_COST_CENTER,YES,STRING
MILESTONE_REPORT_V,WC_CONTRACTOR,YES,STRING
MILESTONE_REPORT_V,WC_CITY,YES,STRING
MILESTONE_REPORT_V,WC_STATE,YES,STRING
MILESTONE_REPORT_V,WC_ZIP,YES,STRING
MILESTONE_REPORT_V,WC_CLLI,YES,STRING
MILESTONE_REPORT_V,WC_STREET,YES,STRING
MILESTONE_REPORT_V,WC_LOCATION,YES,STRING
MILESTONE_REPORT_V,WC_ROUTE_OH,YES,FLOAT64
MILESTONE_REPORT_V,WC_ROUTE_UG,YES,FLOAT64
MILESTONE_REPORT_V,WC_DTAPS_UG,YES,INT64
MILESTONE_REPORT_V,WC_DTAPS_OH,YES,INT64
MILESTONE_REPORT_V,DELIVERABLE_ID,YES,INT64
MILESTONE_REPORT_V,DELIVERABLE_INTERNAL_NAME,YES,STRING
MILESTONE_REPORT_V,DELIVERABLE_PROPOSED_START,YES,STRING
MILESTONE_REPORT_V,DELIVERABLE_PROPOSED_END,YES,STRING
MILESTONE_REPORT_V,DELIVERABLE_ACTUAL_START,YES,STRING
MILESTONE_REPORT_V,DELIVERABLE_ACTUAL_END,YES,STRING
MILESTONE_REPORT_V,DELIVERABLE_STATUS,YES,STRING
MILESTONE_REPORT_V,DELIVERABLE_CREATED_AT,YES,TIMESTAMP
MILESTONE_REPORT_V,ADDRESS_COUNT,YES,INT64
MILESTONE_REPORT_V,PREM_COUNT,YES,INT64
TEST_TICKET_OVERVIEW_V,TICKET_PROPERTIES_ID,YES,STRING
TEST_TICKET_OVERVIEW_V,TICKET_CREATOR_USERNAME,YES,STRING
TEST_TICKET_OVERVIEW_V,TICKET_ASSIGNED_USERNAME,YES,STRING
TEST_TICKET_OVERVIEW_V,TICKET_STATUS,YES,STRING
TEST_TICKET_OVERVIEW_V,TICKET_TYPE,YES,STRING
TEST_TICKET_OVERVIEW_V,TICKET_TYPE_CATEGORY,YES,STRING
TEST_TICKET_OVERVIEW_V,TICKET_CANCELLED_DATETIME,YES,DATETIME
TEST_TICKET_OVERVIEW_V,TICKET_CREATED_DATETIME,YES,DATETIME
TEST_TICKET_OVERVIEW_V,TICKET_ASSIGNED_DATETIME,YES,DATETIME
TEST_TICKET_OVERVIEW_V,TICKET_LAST_MODIFIED_DATETIME,YES,DATETIME
TEST_TICKET_OVERVIEW_V,TICKET_GROUP,YES,STRING
TEST_TICKET_OVERVIEW_V,TICKET_REGION,YES,STRING
TEST_TICKET_OVERVIEW_V,TICKET_UPDATE_DATETIME,YES,DATETIME
TEST_TICKET_OVERVIEW_V,TICKET_START_DATETIME,YES,DATETIME
TEST_TICKET_OVERVIEW_V,TICKET_DUE_DATETIME,YES,DATETIME
TEST_TICKET_OVERVIEW_V,TICKET_TICKET_DETAILS,YES,STRING
TEST_TICKET_OVERVIEW_V,TICKET_ONSITE_DATETIME,YES,DATETIME
TEST_TICKET_OVERVIEW_V,TICKET_PROJECT,YES,STRING
TEST_TICKET_OVERVIEW_V,PARENT_TICKET_PROJECT_NAME,YES,STRING
TEST_TICKET_OVERVIEW_V,PARSED_CLLI,YES,STRING
TEST_TICKET_OVERVIEW_V,WC_TICKET_CLLI,YES,STRING
TEST_TICKET_OVERVIEW_V,WC_TICKET_ID,YES,STRING
TEST_TICKET_OVERVIEW_V,WC_PROPERTIES_TICKET_GROUP,YES,STRING
TEST_TICKET_OVERVIEW_V,WC_PROFILE,YES,STRING
TEST_TICKET_OVERVIEW_V,WC_COMPANY_CODE,YES,STRING
TEST_TICKET_OVERVIEW_V,WC_INVESTMENT_YEAR,YES,STRING
TEST_TICKET_OVERVIEW_V,WC_APPROVAL_YEAR,YES,INT64
TEST_TICKET_OVERVIEW_V,WC_SAP_PROJECT_NUMBER,YES,STRING
TEST_TICKET_OVERVIEW_V,WC_SAP_WBS_EXPENSE,YES,STRING
TEST_TICKET_OVERVIEW_V,WC_SAP_WBS_CAPITAL,YES,STRING
TEST_TICKET_OVERVIEW_V,WC_SAP_STATUS,YES,STRING
TEST_TICKET_OVERVIEW_V,WC_SAP_LOG,YES,STRING
TEST_TICKET_OVERVIEW_V,WC_REQUESTOR_COST_CENTER,YES,STRING
TEST_TICKET_OVERVIEW_V,WC_RESPONDER_COST_CENTER,YES,STRING
TEST_TICKET_OVERVIEW_V,WC_START_DATE_PLANNING,YES,STRING
TEST_TICKET_OVERVIEW_V,WC_END_DATE_PLANNING,YES,DATETIME
TEST_TICKET_OVERVIEW_V,WC_START_DATE_SURVEY,YES,DATETIME
TEST_TICKET_OVERVIEW_V,WC_END_DATE_SURVEY,YES,DATETIME
TEST_TICKET_OVERVIEW_V,WC_START_DATE_PERMIT,YES,DATETIME
TEST_TICKET_OVERVIEW_V,WC_END_DATE_PERMIT,YES,DATETIME
TEST_TICKET_OVERVIEW_V,WC_START_DATE_CONSTRUCTION,YES,DATETIME
TEST_TICKET_OVERVIEW_V,WC_END_DATE_CONSTRUCTION,YES,DATETIME
TEST_TICKET_OVERVIEW_V,WC_CONTRACTOR,YES,STRING
TEST_TICKET_OVERVIEW_V,WC_CITY,YES,STRING
TEST_TICKET_OVERVIEW_V,WC_STATE,YES,STRING
TEST_TICKET_OVERVIEW_V,WC_ZIP,YES,STRING
TEST_TICKET_OVERVIEW_V,WC_STREET,YES,STRING
TEST_TICKET_OVERVIEW_V,WC_LOCATION,YES,STRING
TEST_TICKET_OVERVIEW_V,WC_ROUTE_OH,YES,FLOAT64
TEST_TICKET_OVERVIEW_V,WC_ROUTE_UG,YES,FLOAT64
TEST_TICKET_OVERVIEW_V,WC_DTAPS_UG,YES,INT64
TEST_TICKET_OVERVIEW_V,WC_DTAPS_OH,YES,INT64
TEST_TICKET_OVERVIEW_V,SURVEY_PROPERTIES_ID,YES,STRING
TEST_TICKET_OVERVIEW_V,SURVEY_ACTUAL_START_DATE,YES,DATETIME
TEST_TICKET_OVERVIEW_V,SURVEY_ACTUAL_END_DATE,YES,DATETIME
TEST_TICKET_OVERVIEW_V,DTAP_PROPERTIES_ID,YES,INT64
TEST_TICKET_OVERVIEW_V,DTAP_TICKET_ID,YES,STRING
TEST_TICKET_OVERVIEW_V,DTAP_CONTRACTOR,YES,STRING
TEST_TICKET_OVERVIEW_V,DTAP_ACTUAL_START_DATE,YES,STRING
TEST_TICKET_OVERVIEW_V,DTAP_ACTUAL_END_DATE,YES,STRING
TEST_TICKET_OVERVIEW_V,DTAP_PLACEMENT,YES,STRING
TEST_TICKET_OVERVIEW_V,DTAP_NAME,YES,STRING
TEST_TICKET_OVERVIEW_V,DTAP_REFERENCE,YES,STRING
TEST_TICKET_OVERVIEW_V,DTAP_PASS_FAIL_1,YES,STRING
TEST_TICKET_OVERVIEW_V,DTAP_READING_1,YES,STRING
TEST_TICKET_OVERVIEW_V,DTAP_PASS_FAIL_2,YES,STRING
TEST_TICKET_OVERVIEW_V,DTAP_READING_2,YES,STRING
TEST_TICKET_OVERVIEW_V,DTAP_PASS_FAIL_3,YES,STRING
TEST_TICKET_OVERVIEW_V,DTAP_READING_3,YES,STRING
TEST_TICKET_OVERVIEW_V,DTAP_PASS_FAIL_4,YES,STRING
TEST_TICKET_OVERVIEW_V,DTAP_READING_4,YES,STRING
TEST_TICKET_OVERVIEW_V,DTAP_PASS_FAIL_5,YES,STRING
TEST_TICKET_OVERVIEW_V,DTAP_READING_5,YES,STRING
TEST_TICKET_OVERVIEW_V,DTAP_PASS_FAIL_6,YES,STRING
TEST_TICKET_OVERVIEW_V,DTAP_READING_6,YES,STRING
TEST_TICKET_OVERVIEW_V,DTAP_RUN_PASS_FAIL_1,YES,STRING
TEST_TICKET_OVERVIEW_V,DTAP_RUN_READING_1,YES,STRING
TEST_TICKET_OVERVIEW_V,DTAP_RUN_PASS_FAIL_2,YES,STRING
TEST_TICKET_OVERVIEW_V,DTAP_RUN_READING_2,YES,STRING
TEST_TICKET_OVERVIEW_V,DTAP_RUN_PASS_FAIL_3,YES,STRING
TEST_TICKET_OVERVIEW_V,DTAP_RUN_READING_3,YES,STRING
TEST_TICKET_OVERVIEW_V,DTAP_RUN_PASS_FAIL_4,YES,STRING
TEST_TICKET_OVERVIEW_V,DTAP_RUN_READING_4,YES,STRING
TEST_TICKET_OVERVIEW_V,DTAP_RUN_PASS_FAIL_5,YES,STRING
TEST_TICKET_OVERVIEW_V,DTAP_RUN_READING_5,YES,STRING
TEST_TICKET_OVERVIEW_V,DTAP_RUN_PASS_FAIL_6,YES,STRING
TEST_TICKET_OVERVIEW_V,DTAP_RUN_READING_6,YES,STRING
TEST_TICKET_OVERVIEW_V,DTAP_UNDERGROUND_FOOTAGE,YES,STRING
TEST_TICKET_OVERVIEW_V,DTAP_UNDERGROUND_WIDTH,YES,STRING
TEST_TICKET_OVERVIEW_V,DTAP_UNDERGROUND_DEPTH,YES,STRING
TEST_TICKET_OVERVIEW_V,DTAP_BURIED_FOOTAGE,YES,STRING
TEST_TICKET_OVERVIEW_V,DTAP_BURIED_WIDTH,YES,STRING
TEST_TICKET_OVERVIEW_V,DTAP_BURIED_DEPTH,YES,STRING
TEST_TICKET_OVERVIEW_V,DTAP_AERIAL_FOOTAGE,YES,STRING
TEST_TICKET_OVERVIEW_V,DTAP_AERIAL_COMPLETE,YES,STRING
TEST_TICKET_OVERVIEW_V,DTAP_BURRIED_COMPLETE,YES,STRING
TEST_TICKET_OVERVIEW_V,FEEDER_PROPERTIES_ID,YES,STRING
TEST_TICKET_OVERVIEW_V,FEEDER_TICKET_ID,YES,STRING
TEST_TICKET_OVERVIEW_V,FEEDER_AERIAL_FOOTAGE,YES,STRING
TEST_TICKET_OVERVIEW_V,FEEDER_PATH_UNDERGROUND_DEPTH,YES,STRING
TEST_TICKET_OVERVIEW_V,FEEDER_CABLE_LENGTH,YES,STRING
TEST_TICKET_OVERVIEW_V,FEEDER_TICKET_GROUP,YES,STRING
TEST_TICKET_OVERVIEW_V,FEEDER_COMMENTS,YES,STRING
TEST_TICKET_OVERVIEW_V,FEEDER_START_DATE,YES,DATETIME
TEST_TICKET_OVERVIEW_V,FEEDER_END_DATE,YES,DATETIME
TEST_TICKET_OVERVIEW_V,FEEDER_BURRIED_COMPLETE,YES,STRING
TEST_TICKET_OVERVIEW_V,FEEDER_AERIAL_COMPLETE,YES,STRING
TEST_TICKET_OVERVIEW_V,FEEDER_PLACEMENT,YES,STRING
TEST_TICKET_OVERVIEW_V,FEEDER_PATH_UG_WIDTH,YES,STRING
TEST_TICKET_OVERVIEW_V,FEEDER_PROPERTIES_PARENT,YES,STRING
TEST_TICKET_OVERVIEW_V,FEEDER_UG_FOOTAGE,YES,STRING
TEST_TICKET_OVERVIEW_V,FEEDER_BURIED_FOOTAGE,YES,STRING
TEST_TICKET_OVERVIEW_V,FEEDER_NOOF_CABLES,YES,STRING
TEST_TICKET_OVERVIEW_V,FEEDER_LAST_MODIFIED_DATETIME,YES,DATETIME
TEST_TICKET_OVERVIEW_V,FEEDER_PATH_BURIED_FOOTAGE,YES,STRING
TEST_TICKET_OVERVIEW_V,FEEDER_TOTAL_FOOTAGE,YES,STRING
TEST_TICKET_OVERVIEW_V,FEEDER_PATH_AERIAL_FOOTAGE,YES,STRING
TEST_TICKET_OVERVIEW_V,FEEDER_PROPERTIES_TYPE,YES,STRING
TEST_TICKET_OVERVIEW_V,FEEDER_PATH_UNDERGROUND_FOOTAGE,YES,STRING
TEST_TICKET_OVERVIEW_V,FEEDER_CONTRACTOR,YES,STRING
TEST_TICKET_OVERVIEW_V,FEEDER_PATH_TRENCH_MATERIAL,YES,STRING
TEST_TICKET_OVERVIEW_V,FEEDER_PATH_BURIED_DEPTH,YES,STRING
TEST_TICKET_OVERVIEW_V,FEEDER_ADDRESS,YES,STRING
TEST_TICKET_OVERVIEW_V,FEEDER_PROPERTIES_REFERENCE,YES,STRING
TEST_TICKET_OVERVIEW_V,FEEDER_PATH_BURIED_WIDTH,YES,STRING
TEST_TICKET_OVERVIEW_V,PERMIT_PROPERTIES_ID,YES,INT64
TEST_TICKET_OVERVIEW_V,PERMIT_TICKET_ID,YES,STRING
TEST_TICKET_OVERVIEW_V,PERMIT_PROPERTIES_PARENT,YES,STRING
TEST_TICKET_OVERVIEW_V,PERMIT_CONTRACTOR,YES,STRING
TEST_TICKET_OVERVIEW_V,PERMIT_TICKET_GROUP,YES,STRING
TEST_TICKET_OVERVIEW_V,PERMIT_ADDRESS,YES,STRING
TEST_TICKET_OVERVIEW_V,PERMIT_START_DATE,YES,DATETIME
TEST_TICKET_OVERVIEW_V,PERMIT_END_DATE,YES,DATETIME
TEST_TICKET_OVERVIEW_V,PERMIT_AERIAL_COMPLETE,YES,STRING
TEST_TICKET_OVERVIEW_V,PERMIT_BURRIED_COMPLETE,YES,STRING
ADDRESS_POLY,STR_NUM,YES,STRING
ADDRESS_POLY,STR,YES,STRING
ADDRESS_POLY,UNIT_DES,YES,STRING
ADDRESS_POLY,UNIT_NUM,YES,STRING
ADDRESS_POLY,CITY,YES,STRING
ADDRESS_POLY,STATE,YES,STRING
ADDRESS_POLY,ZIP,YES,INT64
ADDRESS_POLY,ZIP4,YES,STRING
ADDRESS_POLY,ZBA_PR_USE,YES,STRING
ADDRESS_POLY,CNTY_FIPS,YES,INT64
ADDRESS_POLY,ADDR_CONF,YES,INT64
ADDRESS_POLY,ID,YES,INT64
ADDRESS_POLY,STATUS,YES,STRING
ADDRESS_POLY,AVAILABILTY_DATE,YES,STRING
ADDRESS_POLY,SERVING_WIRE_CENTER_CLLI,YES,STRING
ADDRESS_POLY,SERVING_WIRE_CENTER_NAME,YES,STRING
ADDRESS_POLY,SERVICE_TYPE,YES,STRING
HLD_Complete_Address Report20230410,address_id,YES,STRING
HLD_Complete_Address Report20230410,address,YES,STRING
HLD_Complete_Address Report20230410,house_no,YES,STRING
HLD_Complete_Address Report20230410,sub_location,YES,STRING
HLD_Complete_Address Report20230410,street_name,YES,STRING
HLD_Complete_Address Report20230410,street_suffix,YES,STRING
HLD_Complete_Address Report20230410,city,YES,STRING
HLD_Complete_Address Report20230410,state,YES,STRING
HLD_Complete_Address Report20230410,postal_cd,YES,STRING
HLD_Complete_Address Report20230410,wcname,YES,STRING
HLD_Complete_Address Report20230410,wirecenter_id,YES,STRING
HLD_Complete_Address Report20230410,address_type,YES,STRING
HLD_Complete_Address Report20230410,sfu,YES,BOOL
HLD_Complete_Address Report20230410,mdu,YES,BOOL
HLD_Complete_Address Report20230410,mdu_cnt,YES,STRING
HLD_Complete_Address Report20230410,latitude,YES,STRING
HLD_Complete_Address Report20230410,longitude,YES,STRING
HLD_Complete_Address Report20230410,geo_precision,YES,STRING
HLD_Complete_Address Report20230410,addr_source,YES,STRING
HLD_Complete_Address Report20230410,address_status,YES,STRING
HLD_Complete_Address Report20230410,address_tech,YES,STRING
HLD_Complete_Address Report20230410,altman_fiber_build,YES,BOOL
HLD_Complete_Address Report20230410,brightspeed_fiber_enabled,YES,STRING
HLD_Complete_Address Report20230410,enhanced_match,YES,STRING
HLD_Complete_Address Report20230410,footnote,YES,STRING
HLD_Complete_Address Report20230410,match_code,YES,STRING
HLD_Complete_Address Report20230410,property_type,YES,STRING
HLD_Complete_Address Report20230410,site_cd,YES,STRING
HLD_Complete_Address Report20230410,dtap,YES,STRING
HLD_Complete_Address Report20230410,terminal,YES,STRING
HLD_Complete_Address Report20230410,drop_feed,YES,STRING
HLD_Complete_Address Report20230410,drop_length,YES,FLOAT64
HLD_Complete_Address Report20230410,served_households,YES,INT64
HLD_Complete_Address Report20230410,pre_survey_drops,YES,STRING
HLD_Complete_Address Report20230410_2,address_id,YES,STRING
HLD_Complete_Address Report20230410_2,address,YES,STRING
HLD_Complete_Address Report20230410_2,house_no,YES,STRING
HLD_Complete_Address Report20230410_2,sub_location,YES,STRING
HLD_Complete_Address Report20230410_2,street_name,YES,STRING
HLD_Complete_Address Report20230410_2,street_suffix,YES,STRING
HLD_Complete_Address Report20230410_2,city,YES,STRING
HLD_Complete_Address Report20230410_2,state,YES,STRING
HLD_Complete_Address Report20230410_2,postal_cd,YES,STRING
HLD_Complete_Address Report20230410_2,wcname,YES,STRING
HLD_Complete_Address Report20230410_2,wirecenter_id,YES,STRING
HLD_Complete_Address Report20230410_2,address_type,YES,STRING
HLD_Complete_Address Report20230410_2,sfu,YES,BOOL
HLD_Complete_Address Report20230410_2,mdu,YES,BOOL
HLD_Complete_Address Report20230410_2,mdu_cnt,YES,STRING
HLD_Complete_Address Report20230410_2,latitude,YES,STRING
HLD_Complete_Address Report20230410_2,longitude,YES,STRING
HLD_Complete_Address Report20230410_2,geo_precision,YES,STRING
HLD_Complete_Address Report20230410_2,addr_source,YES,STRING
HLD_Complete_Address Report20230410_2,address_status,YES,STRING
HLD_Complete_Address Report20230410_2,address_tech,YES,STRING
HLD_Complete_Address Report20230410_2,altman_fiber_build,YES,BOOL
HLD_Complete_Address Report20230410_2,brightspeed_fiber_enabled,YES,STRING
HLD_Complete_Address Report20230410_2,enhanced_match,YES,STRING
HLD_Complete_Address Report20230410_2,footnote,YES,STRING
HLD_Complete_Address Report20230410_2,match_code,YES,STRING
HLD_Complete_Address Report20230410_2,property_type,YES,STRING
HLD_Complete_Address Report20230410_2,site_cd,YES,STRING
HLD_Complete_Address Report20230410_2,dtap,YES,STRING
HLD_Complete_Address Report20230410_2,terminal,YES,STRING
HLD_Complete_Address Report20230410_2,drop_feed,YES,STRING
HLD_Complete_Address Report20230410_2,drop_length,YES,FLOAT64
HLD_Complete_Address Report20230410_2,served_households,YES,INT64
HLD_Complete_Address Report20230410_2,pre_survey_drops,YES,STRING
SAP_OVERVIEW_V,COMPANY_CODE,YES,STRING
SAP_OVERVIEW_V,DOCUMENT_NO,YES,STRING
SAP_OVERVIEW_V,DOCUMENT_LINE_NO,YES,STRING
SAP_OVERVIEW_V,DOCUMENT_UNIQUE,YES,STRING
SAP_OVERVIEW_V,FISCAL_YEAR,YES,STRING
SAP_OVERVIEW_V,STATE,YES,STRING
SAP_OVERVIEW_V,DOCUMENT_DATE,YES,DATE
SAP_OVERVIEW_V,DOCUMENT_TYPE,YES,STRING
SAP_OVERVIEW_V,POSTING_DATE,YES,DATE
SAP_OVERVIEW_V,VENDOR_INVOICE_NO,YES,STRING
SAP_OVERVIEW_V,OBJECT,YES,STRING
SAP_OVERVIEW_V,ACDOCA_OBJECT,YES,STRING
SAP_OVERVIEW_V,OBJECT_DESCRIPTION,YES,STRING
SAP_OVERVIEW_V,WBS,YES,STRING
SAP_OVERVIEW_V,MATERIAL_LINE_ITEM_CODE,YES,STRING
SAP_OVERVIEW_V,PURCHASE_ORDER,YES,STRING
SAP_OVERVIEW_V,MATERIAL_LINE_ITEM_DESCRIPTION,YES,STRING
SAP_OVERVIEW_V,COST_ELEMENT,YES,STRING
SAP_OVERVIEW_V,COST_ELEMENT_NAME,YES,STRING
SAP_OVERVIEW_V,OFFSETTING_ACCOUNT,YES,STRING
SAP_OVERVIEW_V,REG_ACCOUNT,YES,STRING
SAP_OVERVIEW_V,REG_ACCOUNT_DESCRIPTION,YES,STRING
SAP_OVERVIEW_V,VAL_CO_AREA_CRCY,YES,NUMERIC
SAP_OVERVIEW_V,OPERATION_FLAG,YES,STRING
SAP_OVERVIEW_V,SAP_TICKET_ID,YES,STRING
SAP_OVERVIEW_V,TICKET_PROPERTIES_ID,YES,STRING
SAP_OVERVIEW_V,TICKET_STATUS,YES,STRING
SAP_OVERVIEW_V,TICKET_TYPE,YES,STRING
SAP_OVERVIEW_V,TICKET_TYPE_CATEGORY,YES,STRING
SAP_OVERVIEW_V,TICKET_CREATED_DATETIME,YES,DATETIME
SAP_OVERVIEW_V,TICKET_START_DATETIME,YES,DATETIME
SAP_OVERVIEW_V,TICKET_DUE_DATETIME,YES,DATETIME
SAP_OVERVIEW_V,TICKET_CREATOR_USERNAME,YES,STRING
SAP_OVERVIEW_V,TICKET_ASSIGNED_USERNAME,YES,STRING
SAP_OVERVIEW_V,TICKET_ASSIGNED_DATETIME,YES,DATETIME
SAP_OVERVIEW_V,TICKET_REGION,YES,STRING
SAP_OVERVIEW_V,PARENT_TICKET_PROJECT_NAME,YES,STRING
SAP_OVERVIEW_V,PARSED_CLLI,YES,STRING
SAP_OVERVIEW_V,WC_TICKET_CLLI,YES,STRING
SAP_OVERVIEW_V,WC_SAP_PROJECT_NUMBER,YES,STRING
SAP_OVERVIEW_V,WC_PROFILE,YES,STRING
SAP_OVERVIEW_V,WC_COMPANY_CODE,YES,STRING
SAP_OVERVIEW_V,WC_INVESTMENT_YEAR,YES,STRING
SAP_OVERVIEW_V,WC_CONTRACTOR,YES,STRING
SAP_OVERVIEW_V,WC_REQUESTOR_COST_CENTER,YES,STRING
SAP_OVERVIEW_V,WC_RESPONDER_COST_CENTER,YES,STRING
SAP_OVERVIEW_V,WC_CITY,YES,STRING
SAP_OVERVIEW_V,WC_STATE,YES,STRING
SAP_OVERVIEW_V,WC_ZIP,YES,STRING
SAP_OVERVIEW_V,WC_LOCATION,YES,STRING
SAP_OVERVIEW_V,WBS_ID,YES,NUMERIC
SAP_OVERVIEW_V,WBS_STATUS,YES,STRING
SAP_OVERVIEW_V,WBS_ELEMENT,YES,STRING
SAP_OVERVIEW_V,WBS_STATISTICAL,YES,BOOL
SAP_OVERVIEW_V,WBS_INTEREST_PROFILE,YES,STRING
SAP_OVERVIEW_V,WBS_INVESTMENT_PROFILE,YES,STRING
SAP_OVERVIEW_V,WBS_REG_ACCOUNT,YES,STRING
SAP_OVERVIEW_V,WBS_WC_NAME,YES,STRING
SAP_OVERVIEW_V,ADDRESS_COUNT,YES,INT64
SAP_OVERVIEW_V,PREM_COUNT,YES,INT64
TICKET_OVERVIEW_V,TICKET_PROPERTIES_ID,YES,STRING
TICKET_OVERVIEW_V,TICKET_CREATOR_USERNAME,YES,STRING
TICKET_OVERVIEW_V,TICKET_ASSIGNED_USERNAME,YES,STRING
TICKET_OVERVIEW_V,TICKET_STATUS,YES,STRING
TICKET_OVERVIEW_V,TICKET_TYPE,YES,STRING
TICKET_OVERVIEW_V,TICKET_TYPE_CATEGORY,YES,STRING
TICKET_OVERVIEW_V,TICKET_CANCELLED_DATETIME,YES,DATETIME
TICKET_OVERVIEW_V,TICKET_CREATED_DATETIME,YES,DATETIME
TICKET_OVERVIEW_V,TICKET_ASSIGNED_DATETIME,YES,DATETIME
TICKET_OVERVIEW_V,TICKET_LAST_MODIFIED_DATETIME,YES,DATETIME
TICKET_OVERVIEW_V,TICKET_GROUP,YES,STRING
TICKET_OVERVIEW_V,TICKET_REGION,YES,STRING
TICKET_OVERVIEW_V,TICKET_UPDATE_DATETIME,YES,DATETIME
TICKET_OVERVIEW_V,TICKET_START_DATETIME,YES,DATETIME
TICKET_OVERVIEW_V,TICKET_DUE_DATETIME,YES,DATETIME
TICKET_OVERVIEW_V,TICKET_TICKET_DETAILS,YES,STRING
TICKET_OVERVIEW_V,TICKET_ONSITE_DATETIME,YES,DATETIME
TICKET_OVERVIEW_V,TICKET_PROJECT,YES,STRING
TICKET_OVERVIEW_V,PARENT_TICKET_PROJECT_NAME,YES,STRING
TICKET_OVERVIEW_V,PARSED_CLLI,YES,STRING
TICKET_OVERVIEW_V,WC_TICKET_CLLI,YES,STRING
TICKET_OVERVIEW_V,WC_TICKET_ID,YES,STRING
TICKET_OVERVIEW_V,WC_PROPERTIES_TICKET_GROUP,YES,STRING
TICKET_OVERVIEW_V,WC_PROFILE,YES,STRING
TICKET_OVERVIEW_V,WC_COMPANY_CODE,YES,STRING
TICKET_OVERVIEW_V,WC_INVESTMENT_YEAR,YES,STRING
TICKET_OVERVIEW_V,WC_APPROVAL_YEAR,YES,INT64
TICKET_OVERVIEW_V,WC_SAP_PROJECT_NUMBER,YES,STRING
TICKET_OVERVIEW_V,WC_SAP_WBS_EXPENSE,YES,STRING
TICKET_OVERVIEW_V,WC_SAP_WBS_CAPITAL,YES,STRING
TICKET_OVERVIEW_V,WC_SAP_STATUS,YES,STRING
TICKET_OVERVIEW_V,WC_SAP_LOG,YES,STRING
TICKET_OVERVIEW_V,WC_REQUESTOR_COST_CENTER,YES,STRING
TICKET_OVERVIEW_V,WC_RESPONDER_COST_CENTER,YES,STRING
TICKET_OVERVIEW_V,WC_START_DATE_PLANNING,YES,STRING
TICKET_OVERVIEW_V,WC_END_DATE_PLANNING,YES,DATETIME
TICKET_OVERVIEW_V,WC_START_DATE_SURVEY,YES,DATETIME
TICKET_OVERVIEW_V,WC_END_DATE_SURVEY,YES,DATETIME
TICKET_OVERVIEW_V,WC_START_DATE_PERMIT,YES,DATETIME
TICKET_OVERVIEW_V,WC_END_DATE_PERMIT,YES,DATETIME
TICKET_OVERVIEW_V,WC_START_DATE_CONSTRUCTION,YES,DATETIME
TICKET_OVERVIEW_V,WC_END_DATE_CONSTRUCTION,YES,DATETIME
TICKET_OVERVIEW_V,WC_CONTRACTOR,YES,STRING
TICKET_OVERVIEW_V,WC_CITY,YES,STRING
TICKET_OVERVIEW_V,WC_STATE,YES,STRING
TICKET_OVERVIEW_V,WC_ZIP,YES,STRING
TICKET_OVERVIEW_V,WC_STREET,YES,STRING
TICKET_OVERVIEW_V,WC_LOCATION,YES,STRING
TICKET_OVERVIEW_V,WC_ROUTE_OH,YES,FLOAT64
TICKET_OVERVIEW_V,WC_ROUTE_UG,YES,FLOAT64
TICKET_OVERVIEW_V,WC_DTAPS_UG,YES,INT64
TICKET_OVERVIEW_V,WC_DTAPS_OH,YES,INT64
TICKET_OVERVIEW_V,SURVEY_PROPERTIES_ID,YES,STRING
TICKET_OVERVIEW_V,SURVEY_ACTUAL_START_DATE,YES,DATETIME
TICKET_OVERVIEW_V,SURVEY_ACTUAL_END_DATE,YES,DATETIME
TICKET_OVERVIEW_V,DTAP_PROPERTIES_ID,YES,INT64
TICKET_OVERVIEW_V,DTAP_TICKET_ID,YES,STRING
TICKET_OVERVIEW_V,DTAP_CONTRACTOR,YES,STRING
TICKET_OVERVIEW_V,DTAP_ACTUAL_START_DATE,YES,STRING
TICKET_OVERVIEW_V,DTAP_ACTUAL_END_DATE,YES,STRING
TICKET_OVERVIEW_V,DTAP_PLACEMENT,YES,STRING
TICKET_OVERVIEW_V,DTAP_NAME,YES,STRING
TICKET_OVERVIEW_V,DTAP_REFERENCE,YES,STRING
TICKET_OVERVIEW_V,DTAP_PASS_FAIL_1,YES,STRING
TICKET_OVERVIEW_V,DTAP_READING_1,YES,STRING
TICKET_OVERVIEW_V,DTAP_PASS_FAIL_2,YES,STRING
TICKET_OVERVIEW_V,DTAP_READING_2,YES,STRING
TICKET_OVERVIEW_V,DTAP_PASS_FAIL_3,YES,STRING
TICKET_OVERVIEW_V,DTAP_READING_3,YES,STRING
TICKET_OVERVIEW_V,DTAP_PASS_FAIL_4,YES,STRING
TICKET_OVERVIEW_V,DTAP_READING_4,YES,STRING
TICKET_OVERVIEW_V,DTAP_PASS_FAIL_5,YES,STRING
TICKET_OVERVIEW_V,DTAP_READING_5,YES,STRING
TICKET_OVERVIEW_V,DTAP_PASS_FAIL_6,YES,STRING
TICKET_OVERVIEW_V,DTAP_READING_6,YES,STRING
TICKET_OVERVIEW_V,DTAP_RUN_PASS_FAIL_1,YES,STRING
TICKET_OVERVIEW_V,DTAP_RUN_READING_1,YES,STRING
TICKET_OVERVIEW_V,DTAP_RUN_PASS_FAIL_2,YES,STRING
TICKET_OVERVIEW_V,DTAP_RUN_READING_2,YES,STRING
TICKET_OVERVIEW_V,DTAP_RUN_PASS_FAIL_3,YES,STRING
TICKET_OVERVIEW_V,DTAP_RUN_READING_3,YES,STRING
TICKET_OVERVIEW_V,DTAP_RUN_PASS_FAIL_4,YES,STRING
TICKET_OVERVIEW_V,DTAP_RUN_READING_4,YES,STRING
TICKET_OVERVIEW_V,DTAP_RUN_PASS_FAIL_5,YES,STRING
TICKET_OVERVIEW_V,DTAP_RUN_READING_5,YES,STRING
TICKET_OVERVIEW_V,DTAP_RUN_PASS_FAIL_6,YES,STRING
TICKET_OVERVIEW_V,DTAP_RUN_READING_6,YES,STRING
TICKET_OVERVIEW_V,DTAP_UNDERGROUND_FOOTAGE,YES,STRING
TICKET_OVERVIEW_V,DTAP_UNDERGROUND_WIDTH,YES,STRING
TICKET_OVERVIEW_V,DTAP_UNDERGROUND_DEPTH,YES,STRING
TICKET_OVERVIEW_V,DTAP_BURIED_FOOTAGE,YES,STRING
TICKET_OVERVIEW_V,DTAP_BURIED_WIDTH,YES,STRING
TICKET_OVERVIEW_V,DTAP_BURIED_DEPTH,YES,STRING
TICKET_OVERVIEW_V,DTAP_AERIAL_FOOTAGE,YES,STRING
TICKET_OVERVIEW_V,DTAP_AERIAL_COMPLETE,YES,STRING
TICKET_OVERVIEW_V,DTAP_BURRIED_COMPLETE,YES,STRING
TICKET_OVERVIEW_V,FEEDER_PROPERTIES_ID,YES,STRING
TICKET_OVERVIEW_V,FEEDER_TICKET_ID,YES,STRING
TICKET_OVERVIEW_V,FEEDER_AERIAL_FOOTAGE,YES,STRING
TICKET_OVERVIEW_V,FEEDER_PATH_UNDERGROUND_DEPTH,YES,STRING
TICKET_OVERVIEW_V,FEEDER_CABLE_LENGTH,YES,STRING
TICKET_OVERVIEW_V,FEEDER_TICKET_GROUP,YES,STRING
TICKET_OVERVIEW_V,FEEDER_COMMENTS,YES,STRING
TICKET_OVERVIEW_V,FEEDER_START_DATE,YES,DATETIME
TICKET_OVERVIEW_V,FEEDER_END_DATE,YES,DATETIME
TICKET_OVERVIEW_V,FEEDER_BURRIED_COMPLETE,YES,STRING
TICKET_OVERVIEW_V,FEEDER_AERIAL_COMPLETE,YES,STRING
TICKET_OVERVIEW_V,FEEDER_PLACEMENT,YES,STRING
TICKET_OVERVIEW_V,FEEDER_PATH_UG_WIDTH,YES,STRING
TICKET_OVERVIEW_V,FEEDER_PROPERTIES_PARENT,YES,STRING
TICKET_OVERVIEW_V,FEEDER_UG_FOOTAGE,YES,STRING
TICKET_OVERVIEW_V,FEEDER_BURIED_FOOTAGE,YES,STRING
TICKET_OVERVIEW_V,FEEDER_NOOF_CABLES,YES,STRING
TICKET_OVERVIEW_V,FEEDER_LAST_MODIFIED_DATETIME,YES,DATETIME
TICKET_OVERVIEW_V,FEEDER_PATH_BURIED_FOOTAGE,YES,STRING
TICKET_OVERVIEW_V,FEEDER_TOTAL_FOOTAGE,YES,STRING
TICKET_OVERVIEW_V,FEEDER_PATH_AERIAL_FOOTAGE,YES,STRING
TICKET_OVERVIEW_V,FEEDER_PROPERTIES_TYPE,YES,STRING
TICKET_OVERVIEW_V,FEEDER_PATH_UNDERGROUND_FOOTAGE,YES,STRING
TICKET_OVERVIEW_V,FEEDER_CONTRACTOR,YES,STRING
TICKET_OVERVIEW_V,FEEDER_PATH_TRENCH_MATERIAL,YES,STRING
TICKET_OVERVIEW_V,FEEDER_PATH_BURIED_DEPTH,YES,STRING
TICKET_OVERVIEW_V,FEEDER_ADDRESS,YES,STRING
TICKET_OVERVIEW_V,FEEDER_PROPERTIES_REFERENCE,YES,STRING
TICKET_OVERVIEW_V,FEEDER_PATH_BURIED_WIDTH,YES,STRING
TICKET_OVERVIEW_V,PERMIT_PROPERTIES_ID,YES,INT64
TICKET_OVERVIEW_V,PERMIT_TICKET_ID,YES,STRING
TICKET_OVERVIEW_V,PERMIT_PROPERTIES_PARENT,YES,STRING
TICKET_OVERVIEW_V,PERMIT_CONTRACTOR,YES,STRING
TICKET_OVERVIEW_V,PERMIT_TICKET_GROUP,YES,STRING
TICKET_OVERVIEW_V,PERMIT_ADDRESS,YES,STRING
TICKET_OVERVIEW_V,PERMIT_START_DATE,YES,DATETIME
TICKET_OVERVIEW_V,PERMIT_END_DATE,YES,DATETIME
TICKET_OVERVIEW_V,PERMIT_AERIAL_COMPLETE,YES,STRING
TICKET_OVERVIEW_V,PERMIT_BURRIED_COMPLETE,YES,STRING
Test_T,ST_PROJECT_ID,YES,STRING
Test_T,PHASE_PROJECTS,YES,STRING
Test_T,PHASE_PROJECT_TYPE,YES,STRING
Test_T,PHASE_COUNT,YES,BIGNUMERIC
Test_T,PHASE_PROJECT_COMPLETE_COUNT,YES,INT64
Test_T,PHASE_PROJECT_CANCELLED_COUNT,YES,INT64
Test_T,PHASE_PROJECT_URL,YES,STRING
Test_T,PHASE_FW_PROJECT_URL,YES,STRING
Test_T,SITE_PROJECTS,YES,STRING
Test_T,SITE_PROJECT_TYPE,YES,STRING
Test_T,SITE_PROJECT_COUNT,YES,INT64
Test_T,SITE_PROJECT_COMPLETE_COUNT,YES,INT64
Test_T,SITE_PROJECT_CANCELLED_COUNT,YES,INT64
Test_T,SITE_PROJECT_URL,YES,STRING
Test_T,SITE_FW_PROJECT_URL,YES,STRING
Test_T,ASSOCIATED_PROJECTS,YES,STRING
Test_T,ASSOCIATED_PROJECT_TYPE,YES,STRING
Test_T,ASSOCIATED_PROJECT_COUNT,YES,INT64
Test_T,ASSOCIATED_PROJECT_COMPLETE_COUNT,YES,INT64
Test_T,ASSOCIATED_PROJECT_CANCELLED_COUNT,YES,INT64
Test_T,ASSOCIATED_PROJECT_URL,YES,STRING
Test_T,ASSOCIATED_FW_PROJECT_URL,YES,STRING
Test_T,SITE_ASSOCIATED_PROJECTS,YES,STRING
Test_T,SITE_ASSOCIATED_PROJECT_TYPE,YES,STRING
Test_T,SITE_ASSOCIATED_PROJECT_COUNT,YES,INT64
Test_T,SITE_ASSOCIATED_PROJECT_COMPLETE_COUNT,YES,INT64
Test_T,SITE_ASSOCIATED_PROJECT_CANCELLED_COUNT,YES,INT64
Test_T,SITE_ASSOCIATED_PROJECT_URL,YES,STRING
Test_T,SITE_ASSOCIATED_FW_PROJECT_URL,YES,STRING
Test_T,RELATED_PROJECTS,YES,STRING
Test_T,RELATED_PROJECT_TYPE,YES,STRING
Test_T,RELATED_PROJECT_COUNT,YES,INT64
Test_T,RELATED_PROJECT_COMPLETE_COUNT,YES,INT64
Test_T,RELATED_PROJECT_CANCELLED_COUNT,YES,INT64
Test_T,RELATED_PROJECT_URL,YES,STRING
Test_T,RELATED_FW_PROJECT_URL,YES,STRING
Test_T,QF_PROJECTS,YES,STRING
Test_T,QF_PROJECT_COUNT,YES,INT64
Test_T,QF_PROJECT_URL,YES,STRING
ADDRESS_POLY_20230606,STR_NUM,YES,STRING
ADDRESS_POLY_20230606,STR,YES,STRING
ADDRESS_POLY_20230606,UNIT_DES,YES,STRING
ADDRESS_POLY_20230606,UNIT_NUM,YES,STRING
ADDRESS_POLY_20230606,CITY,YES,STRING
ADDRESS_POLY_20230606,STATE,YES,STRING
ADDRESS_POLY_20230606,ZIP,YES,INT64
ADDRESS_POLY_20230606,ZIP4,YES,STRING
ADDRESS_POLY_20230606,ZBA_PR_USE,YES,STRING
ADDRESS_POLY_20230606,CNTY_FIPS,YES,INT64
ADDRESS_POLY_20230606,ADDR_CONF,YES,INT64
ADDRESS_POLY_20230606,ID,YES,INT64
ADDRESS_POLY_20230606,STATUS,YES,STRING
ADDRESS_POLY_20230606,AVAILABILTY_DATE,YES,STRING
ADDRESS_POLY_20230606,SERVING_WIRE_CENTER_CLLI,YES,STRING
ADDRESS_POLY_20230606,SERVING_WIRE_CENTER_NAME,YES,STRING
ADDRESS_POLY_20230606,SERVICE_TYPE,YES,STRING
Test_TT,ST_PROJECT_ID,YES,STRING
Test_TT,PHASE_PROJECTS,YES,STRING
Test_TT,PHASE_PROJECT_TYPE,YES,STRING
Test_TT,PHASE_COUNT,YES,BIGNUMERIC
Test_TT,PHASE_PROJECT_COMPLETE_COUNT,YES,INT64
Test_TT,PHASE_PROJECT_CANCELLED_COUNT,YES,INT64
Test_TT,PHASE_PROJECT_URL,YES,STRING
Test_TT,PHASE_FW_PROJECT_URL,YES,STRING
Test_TT,SITE_PROJECTS,YES,STRING
Test_TT,SITE_PROJECT_TYPE,YES,STRING
Test_TT,SITE_PROJECT_COUNT,YES,INT64
Test_TT,SITE_PROJECT_COMPLETE_COUNT,YES,INT64
Test_TT,SITE_PROJECT_CANCELLED_COUNT,YES,INT64
Test_TT,SITE_PROJECT_URL,YES,STRING
Test_TT,SITE_FW_PROJECT_URL,YES,STRING
Test_TT,ASSOCIATED_PROJECTS,YES,STRING
Test_TT,ASSOCIATED_PROJECT_TYPE,YES,STRING
Test_TT,ASSOCIATED_PROJECT_COUNT,YES,INT64
Test_TT,ASSOCIATED_PROJECT_COMPLETE_COUNT,YES,INT64
Test_TT,ASSOCIATED_PROJECT_CANCELLED_COUNT,YES,INT64
Test_TT,ASSOCIATED_PROJECT_URL,YES,STRING
Test_TT,ASSOCIATED_FW_PROJECT_URL,YES,STRING
Test_TT,SITE_ASSOCIATED_PROJECTS,YES,STRING
Test_TT,SITE_ASSOCIATED_PROJECT_TYPE,YES,STRING
Test_TT,SITE_ASSOCIATED_PROJECT_COUNT,YES,INT64
Test_TT,SITE_ASSOCIATED_PROJECT_COMPLETE_COUNT,YES,INT64
Test_TT,SITE_ASSOCIATED_PROJECT_CANCELLED_COUNT,YES,INT64
Test_TT,SITE_ASSOCIATED_PROJECT_URL,YES,STRING
Test_TT,SITE_ASSOCIATED_FW_PROJECT_URL,YES,STRING
Test_TT,RELATED_PROJECTS,YES,STRING
Test_TT,RELATED_PROJECT_TYPE,YES,STRING
Test_TT,RELATED_PROJECT_COUNT,YES,INT64
Test_TT,RELATED_PROJECT_COMPLETE_COUNT,YES,INT64
Test_TT,RELATED_PROJECT_CANCELLED_COUNT,YES,INT64
Test_TT,RELATED_PROJECT_URL,YES,STRING
Test_TT,RELATED_FW_PROJECT_URL,YES,STRING
Test_TT,QF_PROJECTS,YES,STRING
Test_TT,QF_PROJECT_COUNT,YES,INT64
Test_TT,QF_PROJECT_URL,YES,STRING
ADDRESS_MASTER_20230426,address_id,YES,STRING
ADDRESS_MASTER_20230426,address,YES,STRING
ADDRESS_MASTER_20230426,house_no,YES,STRING
ADDRESS_MASTER_20230426,sub_location,YES,STRING
ADDRESS_MASTER_20230426,street_name,YES,STRING
ADDRESS_MASTER_20230426,street_suffix,YES,STRING
ADDRESS_MASTER_20230426,city,YES,STRING
ADDRESS_MASTER_20230426,state,YES,STRING
ADDRESS_MASTER_20230426,postal_cd,YES,STRING
ADDRESS_MASTER_20230426,wcname,YES,STRING
ADDRESS_MASTER_20230426,wirecenter_id,YES,STRING
ADDRESS_MASTER_20230426,address_type,YES,STRING
ADDRESS_MASTER_20230426,sfu,YES,STRING
ADDRESS_MASTER_20230426,mdu,YES,STRING
ADDRESS_MASTER_20230426,mdu_cnt,YES,STRING
ADDRESS_MASTER_20230426,latitude,YES,STRING
ADDRESS_MASTER_20230426,longitude,YES,STRING
ADDRESS_MASTER_20230426,geo_precision,YES,STRING
ADDRESS_MASTER_20230426,addr_source,YES,STRING
ADDRESS_MASTER_20230426,address_status,YES,STRING
ADDRESS_MASTER_20230426,address_tech,YES,STRING
ADDRESS_MASTER_20230426,altman_fiber_build,YES,STRING
ADDRESS_MASTER_20230426,brightspeed_fiber_enabled,YES,STRING
ADDRESS_MASTER_20230426,enhanced_match,YES,STRING
ADDRESS_MASTER_20230426,footnote,YES,STRING
ADDRESS_MASTER_20230426,match_code,YES,STRING
ADDRESS_MASTER_20230426,property_type,YES,STRING
ADDRESS_MASTER_20230426,site_cd,YES,STRING
ADDRESS_MASTER_20230426,dtap,YES,STRING
ADDRESS_MASTER_20230426,terminal,YES,STRING
ADDRESS_MASTER_20230426,drop_feed,YES,STRING
ADDRESS_MASTER_20230426,drop_length,YES,STRING
ADDRESS_MASTER_20230426,served_households,YES,STRING
ADDRESS_MASTER_20230426,pre_survey_drops,YES,STRING
ADDRESS_MASTER_20230426,location_hash,YES,STRING